source_id;название;тип источника;юрисдикция;орг или автор;дата;номер;URL;официальный статус;дата проверки;HTTP результат;действующий/утративший силу/не определено;раздел доклада;подтверждаемое утверждение;качество источника;ограничения;примечание
SRC_001;Конституция Российской Федерации;Конституция;РФ;принята всенародным голосованием 12.12.1993;1993-12-12;;;официальный;2026-07-22;не проверено (нет веб-доступа);действующий;06;основы правового статуса;высокий;актуальная редакция требует проверки;базовый источник
SRC_002;ФЗ Об основах социального обслуживания граждан в РФ;Федеральный закон;РФ;Государственная Дума;2013-12-28;442-ФЗ;https://publication.pravo.gov.ru;официальный;2026-07-22;не проверено;действующий (редакция требует проверки);06,07,12;рамки социального обслуживания;высокий;актуальная редакция требует проверки;ключевой источник
SRC_003;Закон РФ О психиатрической помощи и гарантиях прав граждан при ее оказании;Закон РФ;РФ;Верховный Совет РФ;1992-07-02;3185-1;https://publication.pravo.gov.ru;официальный;2026-07-22;не проверено;действующий (редакция требует проверки);06;психиатрическая помощь;высокий;актуальная редакция требует проверки;ключевой источник
SRC_004;Гражданский кодекс РФ (части 1-4);Кодекс;РФ;Государственная Дума;1994-2008;;;официальный;2026-07-22;не проверено;действующий (редакция требует проверки);07;дееспособность опека;высокий;актуальная редакция требует проверки;ключевой источник
SRC_005;ФЗ Об опеке и попечительстве;Федеральный закон;РФ;Государственная Дума;2008-04-24;48-ФЗ;https://publication.pravo.gov.ru;официальный;2026-07-22;не проверено;действующий (редакция требует проверки);07;опека и попечительство;высокий;актуальная редакция требует проверки;ключевой источник
SRC_006;ФЗ Об основах охраны здоровья граждан в РФ;Федеральный закон;РФ;Государственная Дума;2011-11-21;323-ФЗ;https://publication.pravo.gov.ru;официальный;2026-07-22;не проверено;действующий (редакция требует проверки);06;охрана здоровья;высокий;актуальная редакция требует проверки;ключевой источник
SRC_007;ФЗ О контрактной системе в сфере закупок;Федеральный закон;РФ;Государственная Дума;2013-04-05;44-ФЗ;https://publication.pravo.gov.ru;официальный;2026-07-22;не проверено;действующий (редакция требует проверки);13;закупки;высокий;актуальная редакция требует проверки;ключевой источник
SRC_008;Бюджетный кодекс РФ;Кодекс;РФ;Государственная Дума;1998-07-31;;;официальный;2026-07-22;не проверено;действующий (редакция требует проверки);12,14;бюджетное регулирование;высокий;актуальная редакция требует проверки;ключевой источник
SRC_009;ФЗ О порядке рассмотрения обращений граждан;Федеральный закон;РФ;Государственная Дума;2006-05-02;59-ФЗ;https://publication.pravo.gov.ru;официальный;2026-07-22;не проверено;действующий (редакция требует проверки);08;обращения граждан;высокий;актуальная редакция требует проверки;вспомогательный
SRC_010;ФЗ О персональных данных;Федеральный закон;РФ;Государственная Дума;2006-07-27;152-ФЗ;https://publication.pravo.gov.ru;официальный;2026-07-22;не проверено;действующий (редакция требует проверки);A;персональные данные;высокий;актуальная редакция требует проверки;ключевой источник
SRC_011;Трудовой кодекс РФ;Кодекс;РФ;Государственная Дума;2001-12-30;;;официальный;2026-07-22;не проверено;действующий (редакция требует проверки);15,17;трудовая ответственность;высокий;актуальная редакция требует проверки;ключевой источник
SRC_012;Кодекс РФ об административных правонарушениях;Кодекс;РФ;Государственная Дума;2001-12-30;;;официальный;2026-07-22;не проверено;действующий (редакция требует проверки);13,15,17;административная ответственность;высокий;актуальная редакция требует проверки;ключевой источник
SRC_013;Уголовный кодекс РФ;Кодекс;РФ;Государственная Дума;1996-06-13;;;официальный;2026-07-22;не проверено;действующий (редакция требует проверки);15,17;уголовная ответственность;высокий;актуальная редакция требует проверки;ключевой источник
SRC_014;ФЗ О закупках товаров работ услуг отдельными видами юрлиц;Федеральный закон;РФ;Государственная Дума;2011-07-18;223-ФЗ;https://publication.pravo.gov.ru;официальный;2026-07-22;не проверено;действующий (редакция требует проверки);13;закупки (223-ФЗ);высокий;актуальная редакция требует проверки;применимость требует проверки статуса учреждения
SRC_015;Конвенция ООН о правах инвалидов;Международный договор;международный;ООН;2006-12-13;;;официальный;2026-07-22;не проверено;ратифицирована РФ (статус требует проверки);09,16;права инвалидов;высокий;применимость в РФ требует проверки;ключевой международный источник
SRC_016;ТР ТС 021/2011 О безопасности пищевой продукции;Технический регламент ЕАЭС;ЕАЭС;Комиссия Таможенного союза;2011-12-09;;;официальный;2026-07-22;не проверено;действующий (редакция требует проверки);06,13;безопасность пищевых продуктов;высокий;актуальная редакция требует проверки;ключевой источник
SRC_017;СанПиН по организации питания (актуальный документ требует проверки);Санитарные правила;РФ;Роспотребнадзор;;;официальный;2026-07-22;не проверено;не определено (реквизиты требуют проверки);06,13,17;санитарные требования;высокий;реквизиты действующего документа требуют проверки;требуется верификация
SRC_018;Федеральные стандарты бухучета и федеральные стандарты государственных финансов;Стандарты;РФ;Минфин России;;;официальный;2026-07-22;не проверено;действующий (редакция требует проверки);14;бухгалтерский учет;высокий;актуальная редакция требует проверки;требуется верификация
SRC_019;ФЗ-273 О противодействии коррупции;Федеральный закон;РФ;Государственная Дума;2008-12-25;273-ФЗ;https://publication.pravo.gov.ru;официальный;2026-07-22;не проверено;действующий (редакция требует проверки);13,15,17;антикоррупционные меры;высокий;актуальная редакция требует проверки;ключевой источник
SRC_020;Постановление Правительства РФ о формировании государственного задания;Постановление;РФ;Правительство РФ;;;официальный;2026-07-22;не проверено;не определено (реквизиты требуют проверки);12,14;государственное задание;высокий;актуальная редакция требует проверки;требуется верификация
SRC_021;Методические рекомендации Минтруда России по организации питания (при наличии);Методические рекомендации;РФ;Минтруд России;;;официальный;2026-07-22;не проверено;не определено (существование требует проверки);08,20;организация питания;средний;существование и реквизиты требуют проверки;требуется верификация
SRC_022;Региональные законы о социальном обслуживании (14 субъектов РФ);Законы субъектов РФ;региональный;законодательные органы субъектов РФ;;;официальный;2026-07-22;не проверено;не определено (реквизиты требуют проверки по каждому субъекту);08;региональное регулирование;высокий;требуется проверка по каждому из 14 субъектов;требуется верификация по официальным сайтам
SRC_023;Постановления правительств субъектов РФ о натуральных нормах питания;Постановления;региональный;правительства субъектов РФ;;;официальный;2026-07-22;не проверено;не определено (реквизиты требуют проверки);08,12;натуральные нормы;высокий;требуется проверка по каждому субъекту;требуется верификация
SRC_024;Постановления правительств субъектов РФ о предельно допустимом размере платы;Постановления;региональный;правительства субъектов РФ;;;официальный;2026-07-22;не проверено;не определено (реквизиты требуют проверки);08,12;плата за услуги;высокий;требуется проверка по каждому субъекту;требуется верификация
SRC_025;Официальные сайты органов соцзащиты 14 субъектов РФ;Веб-ресурсы;региональный;органы соцзащиты;;;официальный;2026-07-22;не проверено (нет веб-доступа);не определено;08;региональная практика;высокий;требуется проверка при наличии веб-доступа;требуется верификация
SRC_026;Единая информационная система в сфере закупок (ЕИС);Веб-ресурс;РФ;Федеральное казначейство;;;официальный;2026-07-22;не проверено (нет веб-доступа);действующий;13;информация о закупках;высокий;требуется проверка при наличии веб-доступа;требуется верификация
SRC_027;Картотека арбитражных дел;Веб-ресурс;РФ;Суды РФ;;;официальный;2026-07-22;не проверено (нет веб-доступа);действующий;15;судебная практика;высокий;требуется проверка при наличии веб-доступа;требуется верификация
SRC_028;Сайты контрольно-счетных органов субъектов РФ;Веб-ресурсы;региональный;контрольно-счетные органы;;;официальный;2026-07-22;не проверено (нет веб-доступа);не определено;08,14;контрольная практика;высокий;требуется проверка;требуется верификация
SRC_029;Сайты прокуратуры и Роспотребнадзора (результаты проверок);Веб-ресурсы;РФ;прокуратура Роспотребнадзор;;;официальный;2026-07-22;не проверено (нет веб-доступа);не определено;08,14,15,17;результаты проверок;высокий;требуется проверка;требуется верификация
SRC_030;WHO руководства по питанию в long-term care;Методические рекомендации;международный;Всемирная организация здравоохранения;;;официальный;2026-07-22;не проверено (нет веб-доступа);действующий (требует проверки);09;международный опыт;средний;требуется проверка применимости;требуется верификация