id,страна/организация,документ,нормы о питании,механизмы выбора,применимость/вывод,источник
I01,ООН,"Конвенция о правах инвалидов (2006), ст.12, 17, 19",Правоспособность наравне с другими; доступ к поддержке; независимость и включенность в местном сообществе,"Нормативная рамка: выбор места жительства, бытовых условий и повседневных решений; поддерживаемое принятие решений","РФ — участник с 2012 г. (ФЗ № 46-ФЗ); прямая норма о меню отсутствует, но принципы применимы",S022
I02,ООН,"Замечание общего порядка № 1 (2014), CRPD/C/GC/1",Сдвиг от замещающего (substitute) к поддерживаемому (supported) принятию решений; уважение воли и предпочтений,"Повседневные решения (еда, распорядок) — первая сфера, где поддержка выбора реализуема без изменения закона",Толкование; юридически не обязательно; позиция дискуссионна (см. I03),S023
I03,Академический (Oxford/NCBI),"Series L. et al., комментарий к ст.12 КПИ (2018)",Дискуссия о пределах ст.12; функциональный подход MCA 2005; интерпретационные декларации ряда государств,Показывает диапазон национальных моделей: от сохранения опеки с гарантиями до систем чистой поддержки,Используется для сбалансированного изложения,S025
I04,Великобритания,"Health and Social Care Act 2008 (Regulated Activities) Regulations 2014, Regulation 14; руководство CQC",Обязанность провайдера удовлетворять потребности в питании и гидратации; оценка рисков; мониторинг приема пищи,Прямое право на выбор рациона; учет религиозных/культурных/этических предпочтений (вегетарианство); время и место приема пищи; отказ от пищи с процедурой best interests по MCA 2005,Наиболее детализированная регуляторная модель выбора питания в резидентной помощи,S024
I05,Международный (IDDSI),"IDDSI Framework (2017, PMID 27913916) и аудит эффективности (PMC8994209)",8 уровней текстур пищи (0–7) и густоты напитков при дисфагии; единая терминология,Внедрение IDDSI в 5 учреждениях длительного ухода: соответствие текстур выросло с 44% до 90%; инциденты при питании не выросли,Готовая международная система для текстурно-модифицированного вариативного меню,S026; S041
I06,Финляндия/Швеция/Норвегия/Германия/Франция/Канада/США/Япония,—,—,В рамках верифицированного поиска специальные национальные нормы о выборе блюд в психиатрических/социальных интернатах не подтверждены; страны не включаются в сравнительные таблицы во избежание непроверенных утверждений,"Общие рамки (person-centred care, supported decision-making) описаны через I01–I05",—
I07,Япония,"Анализ штатных диетологов по национальной базе LIFE (Hori et al., medRxiv 2025)",Доплата за нутритивный менеджмент + обязательный стандарт 2021 породили данные для доказательной оценки,Система «стимул → охват → стандарт → данные» работает как контур доказательности — пример для российской отчётности,"Первые исследования на данных LIFE подтверждают эффективность японской траектории, описанной в гл. 9",https://www.medrxiv.org/content/10.1101/2025.11.01.25339287.abstract
I08,Великобритания,Griffin et al. 2024: применение IDDSI персоналом домов ухода,IDDSI применяется с ошибками без обучения персонала,Обучение и поддержка сотрудников — условие точности текстур,"Подтверждает вывод: внедрение IDDSI — через обучение, а не закупку",https://onlinelibrary.wiley.com/doi/abs/10.1111/1460-6984.13015
I09,Австралия,Cartwright et al. 2026: Maggie Beer's Big Mission (BMC Geriatrics),Мультидисциплинарная модель организации питания в residential aged care,"Выбор блюд, качество трапезы, вовлечение жителей",Ближайший зарубежный аналог пилота вариативного меню — внедрение с измеримыми исходами,https://link.springer.com/article/10.1186/s12877-026-07690-6
