ID,Категория,Критичность,Раздел,Исходная_цитата_или_положение,Проблема,Предлагаемое_решение,Источник_для_проверки,Требуется_фактчекинг,Требуется_решение_автора
P001,медицина,CRITICAL,4.1 вывод 3,глава 13 (гиперфагия),"Связка ""76,3 % прибавка веса на клозапине за 38 нед"" в одних местах приписана к M-pillinger (Lancet Psychiatry 2020, мета-анализ 100 РКИ), в других — к M-crwg (BJPsych Open 2023). 76,3 % — только CRWG. Pillinger даёт диапазон −0,23…+3,01 кг за 6 нед.","Явно указать, к какому исследованию относится 76,3 %; развести M-crwg и M-pillinger","M-pillinger PMID 31860457; M-crwg DOI 10.1192/bjo.2022.619",да,да
P002,фактчек,MAJOR,4.0 4.1 6.1 дайджест слайд 8 v5,"""74 % недееспособных, 466 ПНИ, 139 500 жителей""","Один источник «Если быть точным» зарегистрирован дважды: S004 (российский правовой реестр) и M-ebt (клинические источники). В одних местах отсылает к S004, в других — к M-ebt. Это один материал проекта ТАСС, не Минтруд.","Оставить один ID (S004), удалить M-ebt-дубль","S004 tochno.st 09.04.2026",да,нет
P003,фактчек,MAJOR,4.0 4.1 6.1,слайд 8 v5,«74 %»,«74 % — данные за 2024 год, проект «Если быть точным» (публикация 09.04.2026), не текущая статотчётность Минтруда» — формулировка правильная, но в сценарии 20 мин и в дайджесте может звучать как «статистика»,Помечать явно «проектная аналитика, не статотчётность»; в устной версии — тоже,S004 + первичный tochno.st,да,да
P004,фактчек,MAJOR,4.1 вывод 3,"Pillinger T. et al. Мета-анализ 100 РКИ: прибавка веса от −0,23 кг до +3,01 кг за медиану 6 нед","В тексте присутствует корректно; но визуально путается с M-crwg 76,3 %","См. P001 — развести два исследования","M-pillinger PMID 31860457",да,нет
P005,медицина,MAJOR,10.1,"""21,9–69,5 %""","Диапазон дан с оговоркой «нельзя переносить» — но в сценарии 20 мин и в дайджесте 10.1 цитируется без этой оговорки. В устной версии может прозвучать как «каждый третий-четвёртый-пятый житель ПНИ».","Оговорку переноса вставлять при любом цитировании","M-dysph_prev PMC10455044",да,нет
P006,медицина,MAJOR,10.1,"""RR 7,00""","Цифра верная, популяция — Correll et al. World Psychiatry 2022 (мета-анализ). В устной версии «в семь раз» может быть прочитано как «для всех ПНИ РФ».","Оговорить популяцию исследования и когортный метод","M-mortality PMC9077617",да,нет
P007,медицина,MAJOR,10.4,"""44→90 %, 31→100 %""","В исходнике приведено корректно, но без оговорки «исследование не в психиатрии, а в общем long-term care».","Добавить оговорку переноса","M-iddsi_wu PMC8994209",да,нет
P008,медицина,MAJOR,10.4,"IDDSI — терминология и способ проверки консистенции, а не самостоятельный диагностический или лечебный протокол","Формулировка верная, но в учреждениях IDDSI часто воспринимается как «новая диета». Без явной таблицы «IDDSI — да / IDDSI — нет» кухня может начать «назначать» текстуры.","Добавить таблицу «IDDSI — да / IDDSI — нет»","M-iddsi2017 PMID 27913916; M-iddsi_wu PMC8994209",да,нет
P009,медицина,MAJOR,13,глава 13 (гиперфагия),«Отдельные клинические группы 4,4–45 %; тяга 16,1–64 %; ночное 4–30 %»,Широта диапазонов сама по себе сообщение верна, но в сценарии 20 мин конкретные цифры могут быть вырваны из контекста. Уточнить популяцию обзора.,См. P005,обзор (M-...),да,да
P010,фактчек,MAJOR,4.4,"""15 часов — пример возможного расписания""",«Ужин 17:30 → завтрак 8:30 = 15 часов» — это **иллюстративный пример**, а не «типичный режим российского ПНИ». В сценарии 20 мин и в памятке 18.08 15 ч может прозвучать как факт.,«Это **пример возможного расписания**, не средний показатель по РФ; операционная цель дома — ≤13 часов. Швеция 11 ч, США 14 ч»,Livsmedelsverket; CMS F-Tag 803,да,да
P011,право,CRITICAL,17 25 31 35 38 42 S035,приказ № 124 от 10.03.2026,«Правила внутреннего распорядка Серафимовского» — локальный акт автора, не общероссийская норма. В нескольких местах доклада и в памятке 18.08 приказ подаётся в обобщающем контексте.,Добавить явно «локальный акт Серафимовского; пример, не норма»,S035 web.archive.org 15.04.2026,да,да
P012,право,MAJOR,17.10 19 20 42,слайд 25 v5,сценарий 20 мин,«Лечебное питание по приказам 330н/395н» — адресованы **медицинским организациям**, не СОСО. В тексте оговорка есть, но в сценарии и в памятке встречаются формулировки «назначенная диета по 330н»,Оговорить применимость к СОСО,S032 S033 consultant.ru,да,да
P013,методика,MAJOR,22 35,панель 5 чисел,словарь показателей,«% выбравших — не KPI» — формула верная, но **нигде не дано операционное определение** «доступного выбора» и «исполненного заказа». Без этого пилот не запустить.,Добавить словарь показателей с числителем, знаменателем, источником данных, периодичностью, ответственным, риском интерпретации,см. этап 12,да,да
P014,структура,MAJOR,весь,—,44 главы / 320 подразделов / 78 000 слов — методические алгоритмы (4.2, 4.4, 4.5) разнесены с управленческими обоснованиями (4.4, 35) и с правовыми оговорками (4.0, 17). Дорожная карта руководителя собирается из 7 мест.,Трёхуровневая модель: основной текст (60–80 стр.) / кейсы / приложения,см. 01_аудит/экспертная_рецензия.md раздел 4,нет,да
P015,фактчек,MAJOR,4.5 5 29,сценарий 20 мин,«30 % / 40 % / 46 % отходов»,«Национальной доли отходов нет» (29.4) — но в сценарии 20 мин и в слайде 23 v5 фигурируют «30 %» и «46 %» как факт. Источник — иллюстративный расчёт пилота, не замер.,Маркировать явно «иллюстративный расчёт»,см. P010,да,да
P016,право,MAJOR,4.1 17 18 24 41,—,СанПиН 4282-26 вступает в силу 01.09.2026 (через 11 дней после семинара). В тексте обе редакции приведены, но **без явной даты** «действует до 31.08.2026 / с 01.09.2026»,На титуле поставить «правовая проверка выполнена 21.08.2026; актуально для СанПиН 3590-20»,S003 rovenkiadm.gosuslugi.ru,да,да
P017,фактчек,MINOR,глава 15,выражение воли,Термин «невербальный выбор» — авторский, не клинический. В 3185-1 ст. 5 ч. 2 есть «уважительное и гуманное отношение», в 442-ФЗ ст. 9 п. 1 — «уважительное и гуманное отношение», «защита прав и законных интересов».,Возможна замена на «выражение воли без слов»; согласовать с автором,3185-1 consultant.ru; 442-ФЗ consultant.ru,нет,да
P018,этика,MAJOR,4.4 22 35,—,«Один помощник на кормимого» — ориентир, не норматив. В ночную смену и в выходные помощников может быть меньше.,Явно сказать «ориентир, не норматив» в 4.4,международные нормы (M-nijs 1:2; M-oral_porter),нет,да
P019,фактчек,MAJOR,4.1 вывод 11 17.12 30 42,—,«Серафимовский — 223-ФЗ, Тесовый берег — 44-ФЗ» — привязка по типу учреждения (автономное vs бюджетное),Проверить на свежую закупку 2026,S034 tenderguru.ru 90473908,да,нет
P020,фактчек,MAJOR,25.5 29.11 35.7,CHANGELOG 21.08,«1 004 жителя Серафимовского на февраль 2026»,Архив web.archive.org только «свободные места» 07.03.2026, не от февраля 2026. Сверить с актуальной формой федерального статнаблюдения.,S035 web.archive.org 15.04.2026,да,да
P021,медицина,MAJOR,4.1 11,—,«Клозапин ↔ кофеин +19 % AUC» (M-cloz_hagg) — что именно «+19 %»: пик, AUC, клиренс; в каких дозах кофеина.,Уточнить параметр,PMID 11049804,да,нет
P022,фактчек,MAJOR,2 4.0 25 41,—,«Иркутская область — масштабирование на регион» (S018) — источник bezformata, пересказ минсоцразвития ИО,Найти первичный документ минсоцразвития ИО,S018 irkutsk.bezformata.com,да,да
P023,структура,MINOR,4.6,—,«Маршрут директора (два часа): разделы 4, 5, 8, 22, 35, 37, 42» — в новой 20-разделной структуре маршруты должны быть пересобраны,Пересобрать маршруты,см. 01_аудит/экспертная_рецензия.md,нет,да
P024,медицина,MAJOR,10.10,—,«Примерно каждая десятая смерть» (M-oral_muller) — узкая популяция (дома ухода, не психиатрия),Оговорить популяцию,PMID 26103446,нет,нет
P025,фактчек,MAJOR,презентация v5 слайд 17 23,—,«30 % не едят котлеты» / «46 % отходов» — подано как факт на слайде,В слайде маркировать явно «иллюстративный расчёт»,см. P015,да,да
P026,структура,MAJOR,весь,—,Дублирование вступления в главах 6 и 7; пересечение тем глав 9 и 13; повторное описание «двух конфликтов» в главе 8; разночтение «пары эквивалентов» vs «эквивалентные замены».,Унифицировать термины,—,нет,да
P027,фактчек,MINOR,4.1 17,—,«Лечебное питание по 3185-1» — в тексте закона нет такой формулировки,Уточнить: 3185-1 ст. 5 ч. 2 (гуманное отношение), 37 (права пациентов), 43 (права проживающих),S011 consultant.ru,да,нет
P028,терминология,MINOR,весь,—,«Сиделка» / «помощник по уходу» / «санитарка» — разночтение,Привести к «помощник по уходу» (профстандарт Минтруда),профстандарт «Помощник по уходу»,нет,да
P029,структура,MINOR,весь,—,«Эквивалентные замены» vs «пары эквивалентов» — разные термины для одной технологии,Ввести один термин: «пары эквивалентов» (авторский),—,нет,да
P030,структура,MAJOR,41,—,Заявление о достоверности (раздел 41) в новой редакции должно включать дату правовой проверки и дату фактчекинга явно на титуле,Добавить «правовая проверка выполнена [дата]; фактчекинг выполнен [дата]»,см. 01_аудит/экспертная_рецензия.md,нет,нет
