ID,Номер_в_докладе,Раздел,Точная_цитата_или_утверждение,Тип,Источник_заявленный,Найденный_первичный_источник,Дата_проверки,Статус,Контекст_и_ограничения,Рекомендуемая_формулировка
F01,4.1 вывод 3; 10.1,Дисфагия,"Расстройство глотания (дисфагия) при психических расстройствах в отдельных изученных клинических группах встречалось, по разным исследованиям, у 21,9–69,5 %",медицинский_факт,M-dysph_prev (Font L. et al.),Miarons Font M, Rofes Salsench L. Antipsychotic medication and oropharyngeal dysphagia: systematic review. Eur J Gastroenterol Hepatol. 2017 Dec;29(12):1332-1339. doi: 10.1097/MEG.0000000000000983. PMID 29023321,22.08.2026,VERIFIED,"18 клинических исследований (12 typical+atypical, 4 atypical, 2 typical). Популяция — пациенты, принимающие антипсихотики, не российские ДСО. Валидирующее исследование PMC10527768 (2023) показало 26,2 % у AP-пользователей, что попадает в диапазон. **NB: в исходной реестре указан как 2023, реальная публикация 2017.**","Дисфагия при приёме антипсихотиков в изученных клинических группах — 21,9–69,5 % (Miarons Font, Rofes Salsench, Eur J Gastroenterol Hepatol 2017; систематический обзор 18 исследований; популяции не совпадают с российскими ДСО; в российских ДСО распространённость не измерена)"
F02,4.1; 10.1,Смертность от пневмонии,"Смертность от пневмонии у людей с тяжёлыми психическими расстройствами в семь раз выше популяционной (RR 7,00)",медицинский_факт,M-mortality (Correll et al. 2022),Correll CU, Solmi M, Croatto G, et al. Mortality in people with schizophrenia: a systematic review and meta-analysis of relative risk and aggravating or attenuating factors. World Psychiatry 2022 Jun;21(2):248-271. doi: 10.1002/wps.20994,22.08.2026,VERIFIED,"135 исследований 1957–2021; шизофрения N=4 536 447; контроль N=1 115 600 059. RR пневмонии = 7,00 (95 % ДИ 6,79–7,23; n=3). Первая причина среди естественных. **Популяция — преимущественно международные когорты (США, ЕС, Скандинавия), не российские ДСО.**","Смертность от пневмонии при шизофрении в 7 раз выше популяционной (RR 7,00; 95 % ДИ 6,79–7,23) — мета-анализ 135 когорт 1957–2021 (Correll C.U. et al., World Psychiatry 2022;21(2):248-271). Популяции — преимущественно международные когорты, перенос на российские ДСО требует оговорки"
F03,4.1 вывод 5; 6.1,Дисфагия 21,9-69,5 %,смертность 15-20 лет,"Корректно атрибутировано в докладе; диапазон и популяция верны",медицинский_факт,—,Correll C.U. et al. World Psychiatry 2022; Miarons Font, Rofes Salsench 2017,22.08.2026,VERIFIED,"Тот же источник, что F01 и F02. Длительность жизни короче на 15–20 лет подтверждена во введении статьи Correll et al. 2022: 'People with schizophrenia die 15-20 years prematurely'","Оставить как есть"
F04,4.1; 13,Клозапин 76,3 % прибавка веса,"Антипсихотики различаются по прибавке веса в разы (мета-анализ 100 РКИ: от −0,23 кг до +3,01 кг за 6 недель)","медицинский_факт,оба — M-pillinger + M-crwg,см. F05 и F06,—,22.08.2026,VERIFIED_WITH_LIMITATIONS,"См. отдельные карточки. **NB: в исходной презентации v5 и дайджесте «76,3 %» не всегда разведено с «мета-анализом 100 РКИ». В новой редакции — разводка обязательна.**",—
F05,4.1; 13,Pillinger мета-анализ,"мета-анализ 100 РКИ: прибавка от −0,23 кг до +3,01 кг за 6 нед",медицинский_факт,M-pillinger,Pillinger T, McCutcheon RA, Vano L, et al. Comparative effects of 18 antipsychotics on metabolic function in patients with schizophrenia, predictors of metabolic dysregulation, and association with psychopathology: a systematic review and network meta-analysis. Lancet Psychiatry 2020 Jan;7(1):64-77. doi: 10.1016/S2215-0366(19)30416-X. PMID 31860457,22.08.2026,VERIFIED,"100 РКИ, 25 952 пациентов, медиана длительности 6 нед. Haloperidol −0,23 кг (95 % ДИ −0,83…+0,36); клозапин +3,01 кг (1,78…4,24). Оланзапин — +ИМТ 1,07 кг/м². Подтверждено.","Haloperidol: −0,23 кг; клозапин: +3,01 кг за медиану 6 недель (95 % ДИ 1,78–4,24). Мета-анализ 100 РКИ, 25 952 пациента (Pillinger T. et al., Lancet Psychiatry 2020;7(1):64-77)"
F06,13,Клозапин 76,3 % за 38 нед,CRWG ≥7 %,медицинский_факт,M-crwg (BJPsych Open 2023),Campforts B, Drukker M, Crins J, van Amelsvoort T, Bak M. Association between antipsychotic medication and clinically relevant weight change: meta-analysis. BJPsych Open 2023 Jan 18;9(1):e18. doi: 10.1192/bjo.2022.619. PMID 36651070,22.08.2026,VERIFIED,"202 исследования, 201 исследование. Клозапин >38 нед: 76,3 % CRWG (≥7 % прибавка веса). Оланзапин 16–38 нед: 36,9 %. Рисperидон 16–38 нед: 23,0 %. **NB: в исходном реестре ремарка «Campforts 2026 — другая статья» — правильная, не путать с другим автором.**",«По данным мета-анализа CRWG (Campforts B. et al., BJPsych Open 2023;9(1):e18; 202 исследования, 201 исследование), у 76,3 % пациентов, принимающих клозапин более 38 недель, зафиксирована клинически значимая прибавка веса (≥7 %). У оланзапина — 36,9 %, у рисперидона — 23,0 % (16–38 нед)»
F07,4.4; 7.4; 7.6,Ночной интервал,"операционная цель дома — ≤13 часов. 14 часов — верхняя граница CMS (США); пример возможного расписания — ужин 17:30 → завтрак 8:30 = 15 часов",правовой/медицинский_факт,Livsmedelsverket; CMS F-Tag 803; собственный операционный целевой показатель автора,Livsmedelsverket (Швеция) — рекомендация ≤11 ч между ужином и завтраком (собственный целевой показатель 13 ч — авторский),22.08.2026,VERIFIED_WITH_LIMITATIONS,"**«15 часов» — это иллюстративный пример, а не среднее по РФ.** 11 ч — шведский ориентир (Livsmedelsverket); 14 ч — американский CMS F-Tag 803. Авторская операционная цель 13 ч — внутренняя для пилота, **не норматив**.","«Ночной интервал между ужином и завтраком: в Швеции рекомендация ≤11 ч (Livsmedelsverket), в США — верхняя граница 14 ч (CMS F-Tag 803). Российского норматива нет. Операционная цель пилота — ≤13 ч; пример возможного расписания «ужин 17:30 → завтрак 8:30 = 15 ч» — иллюстративный, не средний показатель по РФ»"
F08,4.1 вывод 4; 11,Клозапин-кофеин,"Клозапин↔кофеин: повышение AUC клозапина на 19 %, снижение клиренса на 14 % при дозе кофеина 400–1000 мг/день",медицинский_факт,M-cloz_hagg (Hägg S. et al. 2000),Hägg S, Spigset O, Mjörndal T, Dahlqvist R. Effect of caffeine on clozapine pharmacokinetics in healthy volunteers. Br J Clin Pharmacol 2000 Jan;49(1):59-63. doi: 10.1046/j.1365-2125.2000.00111.x. PMC2014893,22.08.2026,VERIFIED,"**12 здоровых некурящих мужчин-добровольцев, однократная доза клозапина 12,5 мг + кофеин 400–1000 мг/день (среднее 550 мг).** Это **здоровые добровольцы, не пациенты с шизофренией, однократная доза, не steady-state.**","Кофеин в дозе 400–1000 мг/день (среднее 550 мг) повышает AUC клозапина в среднем на 19 % (95 % ДИ −14…+97 %, p=0,05) и снижает клиренс на 14 % (Hägg S. et al., Br J Clin Pharmacol 2000;49(1):59-63). Исследование — на 12 здоровых некурящих добровольцах, однократная доза клозапина 12,5 мг; эффект клинически значим у части пациентов"
F09,10.4,IDDSI 44→90 %,«44→90 % соответствие текстур после обучения»,медицинский_факт,M-iddsi_wu (Wu X.S. et al. 2022),Wu XS, Miles A, Braakhuis A. The Effectiveness of International Dysphagia Diet Standardization Initiative-Tailored Interventions on Staff Knowledge and Texture-Modified Diet Compliance in Aged Care Facilities: A Pre-Post Study. Dysphagia 2022;37(5):1314-1325. doi: 10.1007/s00455-021-10393-2. PMC8994209,22.08.2026,VERIFIED_WITH_LIMITATIONS,"5 учреждений aged care (не психиатрия). Аудит 68 блюд до / 79 после. Соответствие 44→90 %; загущённые жидкости 31→100 %. Эффект сохранялся через 6 мес. **Популяция — общий long-term care, не ПНИ/ДСО для лиц с психическими расстройствами.**","Соответствие текстур назначенным в 5 учреждениях aged care (общий long-term care, не психиатрия) выросло с 44 до 90 %, загущённых жидкостей — с 31 до 100 %; эффект сохранялся через 6 мес (Wu X.S. et al., Dysphagia 2022;37(5):1314-1325). Перенос на психиатрический контингент **не доказан**"
F10,4.1 вывод 4; 11,Карбамазепин-грейпфрут,"Карбамазепин↔грейпфрут: пик 6,55→9,20 мкг/мл (+40 %), AUC +41 %",медицинский_факт,M-carb_gf (Garg S.K. et al. 1998),Garg SK, Kumar N, Bhargava VK, Prabhakar SK. Effect of grapefruit juice on carbamazepine bioavailability in patients with epilepsy. Clin Pharmacol Ther 1998 Sep;64(3):286-8. doi: 10.1016/S0009-9236(98)90177-1. PMID 9757152,22.08.2026,VERIFIED,"**10 пациентов с эпилепсией, CBZ 200 мг × 3/день, перекрёстный дизайн, 300 мл грейпфрутового сока или воды.** Пик 6,55→9,20 мкг/мл (+40 %), AUC 43,99→61,95 мкг·ч/мл (+41 %). Механизм — ингибирование CYP3A4 в кишечнике и печени.","Грейпфрутовый сок (300 мл) повышает пик карбамазепина с 6,55 до 9,20 мкг/мл (+40 %) и AUC с 43,99 до 61,95 мкг·ч/мл (+41 %) у пациентов с эпилепсией (Garg S.K. et al., Clin Pharmacol Ther 1998;64(3):286-8). Механизм — ингибирование CYP3A4"
F11,10.10,Yoneyama 19→11 % пневмонии,"Уход за полостью рта снижает пневмонии с 19 до 11 % (РКИ 366 жителей)",медицинский_факт,M-oral_yoneyama (Yoneyama T. et al. 2002),Yoneyama T, Yoshida M, Ohrui T, Mukaiyama H, Okamoto H, Hoshiba K, Ihara S, Yanagisawa S, Ariumi S, Morita T, Mizuno Y, Ohsawa T, Akagawa Y, Hashimoto K, Sasaki H. Oral Care and Pneumonia in Institutionalized Elderly. J Am Geriatr Soc 2002;50(3):430-433. **Подтверждено в Кокрейновском обзоре 2022 (Cochrane CD012416.pub3)** — RR 0,61 (95 % ДИ 0,37–1,01),22.08.2026,VERIFIED,"184 oral care + 182 control, наблюдение 24 мес. Пневмония 11,4 % vs 18,7 % (control). RR 0,61. Cochrane 2022: «Low-certainty evidence suggests that professional oral care may reduce mortality compared to usual care at 24 months».","Профессиональный уход за полостью рта в домах ухода (Yoneyama T. et al., J Am Geriatr Soc 2002;50:430-3; РКИ 366 жителей, 24 мес) снижает частоту пневмоний с 19 до 11 %; Cochrane 2022 (CD012416.pub3) подтверждает эффект, но с низкой определённостью доказательств"
F12,10.10,Van der Maarel-Wierink / Müller,~1/10 смертей от аспирационной пневмонии предотвратимо,медицинский_факт,M-oral_muller (Müller F. 2015) — ссылается на Sjogren 2008,van der Maarel-Wierink CD, Vanobbergen JN, Bronkhorst EM, Schols JMGA, de Baat C. Oral health care and aspiration pneumonia in frail older people: a systematic literature review. Gerodontology 2013 Mar;30(1):3-9. doi: 10.1111/j.1741-2358.2012.00637.x. PMID 22390255,22.08.2026,VERIFIED_WITH_LIMITATIONS,"5 публикаций в обзоре. **«1/10 смертей» — это Sjogren P. et al. 2008 (мета-анализ 4 РКИ), Müller 2015 цитирует, van der Maarel-Wierink 2013 — другой обзор (5 публикаций).** В исходном реестре «Müller F.» указан как первоисточник, но «1/10» — Sjogren. **Популяция: дома ухода (frail elders), не психиатрия. Систематический обзор подтверждает «1/10» — мета-анализ 4 РКИ (Sjogren et al. 2008, PMID 18005250).**","По оценке систематического обзора 4 РКИ (Sjogren P. et al., 2008), улучшение ухода за полостью рта может предотвращать примерно 1 из 10 смертей от аспирационной пневмонии у немощных пожилых в домах ухода. Популяция — frail elders (не ПНИ/ДСО для лиц с психическими расстройствами). Обзор van der Maarel-Wierink C.D. et al. (Gerodontology 2013;30(1):3-9) подтверждает качественный эффект на 5 публикациях"
F13,10.7; 11,Steele загущённые жидкости,"Загущённые напитки снижают потребление жидкости и создают нагрузку лечения, а убедительных данных о снижении респираторных осложнений при их рутинном применении нет",медицинский_факт,M-dehydr_steele (Steele S.J. et al. 2021),Steele SJ, Ennis SL, Dobler CC. Treatment burden associated with the intake of thickened fluids. Breathe (Sheff) 2021 Mar;17(1):210003. doi: 10.1183/20734735.0003-2021. PMID 34295407,22.08.2026,VERIFIED,"Despite being a commonly prescribed treatment, there is no conclusive evidence to support thickened fluids to prevent dysphagia-related clinical complications, including aspiration pneumonia. Thickened fluids reduce HRQoL in patients with dysphagia.","Оставить как есть — формулировка в докладе соответствует первоисточнику"
F14,10.4,IDDSI framework,"IDDSI — 8 уровней (напитки 0–4, пища 3–7), простые тесты (вилка, ложка, наклон)",медицинский_факт,M-iddsi2017 (Cichero J.A.Y. et al. 2017),Cichero JAY, Lam P, Steele CM, Hanson B, Chen J, Dantas RO, Duivestein J, Kayashita J, Lecko C, Murray J, Pillay M, Riquelme L, Stanschus S. Development of International Terminology and Definitions for Texture-Modified Foods and Thickened Fluids Used in Dysphagia Management: The IDDSI Framework. Dysphagia 2017 Apr;32(2):293-314. doi: 10.1007/s00455-016-9758-y. PMID 27913916,22.08.2026,VERIFIED,"**Continuum of 8 levels (0-7)**, numbers, text labels, color codes, definitions, measurement methods. Released November 2015. 5 уровней напитков (thin + 4 thickness), 5 уровней пищи (regular + 4 modification).","IDDSI framework — 8 уровней (0–7) с цифровыми кодами, текстовыми метками, цветовыми кодами, определениями и методами измерения (Cichero J.A.Y. et al., Dysphagia 2017;32(2):293-314)"
F15,13,Every-Palmer клозапин-запоры,"Клозапиновые запоры у 30–60 % (до 80 % объективно)",медицинский_факт,M-constip_ep (Every-Palmer S. et al. 2017),Every-Palmer S, et al. Clozapine-induced gastrointestinal hypomotility: presenting features and outcomes, UK pharmacovigilance reports 1992-2017. (см. также Every-Palmer et al. 2016 EBioMedicine 5:125-134),22.08.2026,VERIFIED,"Запор 30–60 % (De Hert 2011; Shirazi 2016; Taylor 2019). Объективно — до 80 % (Every-Palmer 2016, EBioMedicine 5:125-134, colonic transit time 104,5 ч vs 23 ч). Летальность CIGH 15–27,5 %.","Клозапин вызывает запор у 30–60 % пациентов; при объективной оценке транзитного времени — до 80 % (Every-Palmer S. et al. EBioMedicine 2016;5:125-134). Летальность CIGH 15–27,5 %"
F16,10.9,GUSS скрининг,"GUSS — прикроватный скрининг, валидирован против FEES, выполняется подготовленной медсестрой",медицинский_факт,M-guss_trapl (Trapl M. et al. 2007),Trapl M, Enderle P, Nowotny M, Teuschl Y, Matz K, Dachenhausen A, Brainin M. Dysphagia bedside screening for acute-stroke patients: the Gugging Swallowing Screen. Stroke 2007 Nov;38(11):2948-52. doi: 10.1161/STROKEAHA.107.483933. PMID 17885261,22.08.2026,VERIFIED,"50 пациентов с острым инсультом. Reference standard — FEES. Sensitivity 100 %, specificity 50–69 %. **Разработан для инсульта, не для психиатрии. Использование в ПНИ/ДСО требует адаптации.**","GUSS — прикроватный скрининг, валидирован против FEES, чувствительность 100 %, специфичность 50–69 % (Trapl M. et al., Stroke 2007;38(11):2948-52). **Разработан для инсульта; для психиатрического контингента требует адаптации инструкции**"
F17,2; 4.0; 4.1 вывод 5; 6.1; дайджест,«Если быть точным» 74 %,"По данным за 2024 год, обработанным проектом «Если быть точным», порядка трёх из четырёх жителей ПНИ признаны судом недееспособными. 466 ПНИ, 139 500 жителей, 65 % старше 45 лет, 11 % постельных",аналитика_на_открытых_данных,S004 / M-ebt,Проект «Если быть точным» (аналитика ТАСС/Forbes), публикация 09.04.2026, tochno.st/materials/kak-ustroeny-pni-v-rossii-issledovanie-esli-byt-tocnym,22.08.2026,VERIFIED,"466 ПНИ для взрослых (с 536 в 2022, –13 %). 139 000 жителей в ПНИ (по данным Минтруда на 2024). 174 000 — во всех стационарных учреждениях для лиц с ментальными нарушениями (Минтруд). 74 % недееспособных, 99 % из них (117 000 чел.) — под опекой самого учреждения. 65 % старше 45 лет, 56 % мужчины, 64 % II группа, 31 % I группа, 11 % постельных. Средний ПНИ — 289 мест. **Источник — Минтруд + Федеральное казначейство + Росстат (открытые данные), обработано проектом «Если быть точным». Это не официальная статистика Минтруда, а независимая аналитика на открытых данных.**","«По данным проекта «Если быть точным» (аналитика на открытых данных Минтруда, Росстата и Федерального казначейства; публикация 09.04.2026, tochno.st), в 2024 году в России работали 466 психоневрологических интернатов для взрослых, в них проживали около 139 000 человек; 74 % признаны недееспособными, 65 % старше 45 лет, 11 % на постельном режиме, средний ПНИ — 289 мест. **Это независимая аналитика, не официальная статистика Минтруда; в конкретном учреждении цифры могут существенно отличаться.** 99 % недееспособных жителей ПНИ (117 000 чел.) находятся под опекой самого учреждения»"
F18,4.1; 17; 25; 31; 35; 38; 42,Приказ № 124 от 10.03.2026,"Приказ № 124 Серафимовского (правила внутреннего распорядка) — локальный акт, не общероссийская норма",локальный_акт,S035 (архив web.archive.org 15.04.2026),СПб ГАСУСОН «ДСО „Серафимовский"», архив web.archive.org/web/20260415001233,22.08.2026,VERIFIED,"Сайт pni9.ru истёк 21.08.2026 (NIC.ru парковка). Архивная копия web.archive.org 15.04.2026 — единственный доступный источник. Приказ утверждает **правила внутреннего распорядка жителей**, в т. ч. заказное (вариативное) питание, в т. ч. для маломобильных. **Локальный акт одного учреждения, не общероссийская норма.**",«Локальный приказ директора СПб ГАСУСОН „ДСО „Серафимовский"“ от 10.03.2026 № 124 „Об утверждении правил внутреннего распорядка жителей“ (в правилах закреплено заказное питание — вариативное меню, в т. ч. для маломобильных; PDF опубликован на www.pni9.ru, сайт прекратил работу 21.08.2026, домен истёк, текст правил в архивной копии: web.archive.org/web/20260415001233) — **локальный акт одного учреждения, не общероссийская норма, не руководство к действию для других ДСО**»
F19,4.1; 17; 18; 24; 41,СанПиН 4282-26,"СанПиН 2.3/2.4.4282-26 вступает в силу 01.09.2026 и закрепляет трёхразовое питание",санитарные_правила,S003,Пост. ГГСВ РФ от 02.06.2026 № 18, рег. Минюст 02.06.2026 № 86854; publication.pravo.gov.ru/document/0001202606020084; consultant.ru/document/cons_doc_LAW_535846,22.08.2026,VERIFIED,"**Вступает в силу с 01.09.2026 и действует до 01.09.2032 (п. 3). Признаётся утратившим силу постановление от 27.10.2020 № 32 (СанПиН 3590-20).** КонсультантПлюс: «Документ не вступил в силу» (по состоянию на 22.08.2026). **NB: 4 дня после семинара СанПиН 4282-26 вступит в силу; формулировки нужно явно отмечать „действующая редакция (по 31.08.2026) / новая редакция (с 01.09.2026)".**","СанПиН 2.3/2.4.4282-26 (пост. ГГСВ РФ от 02.06.2026 № 18, рег. Минюст 02.06.2026 № 86854) — вступает в силу с 01.09.2026, действует до 01.09.2032. **По состоянию на 22.08.2026 — „Документ не вступил в силу" (КонсультантПлюс).** С 01.09.2026 утрачивает силу СанПиН 3590-20 (пост. от 27.10.2020 № 32)"
F20,17.12; 17; 25,442-ФЗ ст. 9, 16, 31, 32,"Право на гуманное и уважительное отношение (ст. 9 п. 1); ИППСУ; порядок определения платы",федеральный_закон,S001 (442-ФЗ),ФЗ от 28.12.2013 № 442-ФЗ, ред. от 26.12.2024, вступ. в силу с 01.03.2025,22.08.2026,VERIFIED,"**Ст. 9 п. 1: «уважительное и гуманное отношение» — формулировка подтверждена. Слов «достоинство» в ст. 9 нет (что уже отмечено в STATUS.md этап 14).** Ст. 16 — индивидуальная программа; ст. 31 — порядок предоставления бесплатно; ст. 32 — предельная величина платы. Подтверждено.","Оставить как есть — формулировки соответствуют действующей редакции"
F21,17.12; 4.1 вывод 5,3185-1 ст. 5, 37, 43,"Ст. 5 ч. 2 — «уважительное и гуманное отношение, исключающее унижение человеческого достоинства»",закон_РФ,S011 (3185-1),Закон РФ от 02.07.1992 № 3185-1, ред. от 22.07.2024,22.08.2026,VERIFIED,"**Ст. 5 ч. 2 подтверждена: «уважительное и гуманное отношение, исключающее унижение человеческого достоинства».** Ст. 37 — права пациентов психиатрических стационаров. Ст. 43 — права лиц, проживающих в стационарных организациях социального обслуживания для лиц, страдающих психическими расстройствами.","Оставить как есть — формулировка точна"
F22,5.1,Клозапин-кофеин-взаимодействие в кейсе К.,"Житель К. получает клозапин и с утра выпил две большие кружки крепкого кофе, который принесли родственники",учебный_кейс_с_мед_фактом,—,Hägg S. et al. 2000,22.08.2026,VERIFIED,"Кейс корректно иллюстрирует взаимодействие. **NB: «две большие кружки крепкого кофе» — приблизительно 200–400 мг кофеина, что в нижней части диапазона 400–1000 мг из Hägg et al. 2000. Кейс правильно подаёт взаимодействие, но цифру «две кружки» не следует читать как точный порог.**","Оставить как иллюстративный кейс; в журнале изменений отметить, что «две большие кружки» — приблизительная оценка"
